code_de_la_subdivision_canadienne-canadian_subdivision_code,région_de_tri_d'acheminement-forward_sortation_area,compte_unique_du_bénéficiaire-unique_beneficiary_count
NL,A0A,10640
NL,A0B,4110
NL,A0C,2670
NL,A0E,4580
NL,A0G,7240
NL,A0H,3760
NL,A0J,1660
NL,A0K,5500
NL,A0L,1590
NL,A0M,1030
NL,A0N,2990
NL,A0P,3560
NL,A0R,360
NL,A1A,5520
NL,A1B,5210
NL,A1C,3860
NL,A1E,6400
NL,A1G,1340
NL,A1H,950
NL,A1K,2530
NL,A1L,4320
NL,A1M,1630
NL,A1N,4800
NL,A1S,1560
NL,A1V,2280
NL,A1W,2240
NL,A1X,3250
NL,A1Y,1170
NL,A2A,1890
NL,A2B,1080
NL,A2H,5290
NL,A2N,1870
NL,A2V,1000
NL,A5A,1800
NL,A8A,1520
PE,C0A,9820
PE,C0B,6370
PE,C1A,6390
PE,C1B,2670
PE,C1C,1110
PE,C1E,2400
PE,C1N,3830
PE,C1R,X
PE,C3W,X
PE,C8G,X
PE,C9A,X
PE,C9S,X
NS,B0A,X
NS,B0C,770
NS,B0D,X
NS,B0E,5420
NS,B0G,X
NS,B0H,2090
NS,B0J,7690
NS,B0K,7670
NS,B0L,470
NS,B0M,3320
NS,B0N,7930
NS,B0P,7010
NS,B0R,1140
NS,B0S,3580
NS,B0T,3170
NS,B0V,1590
NS,B0W,6650
NS,B1A,3800
NS,B1B,290
NS,B1C,470
NS,B1E,410
NS,B1G,490
NS,B1H,2490
NS,B1J,190
NS,B1K,750
NS,B1L,1020
NS,B1M,280
NS,B1N,1690
NS,B1P,4370
NS,B1R,870
NS,B1S,1830
NS,B1T,70
NS,B1V,1650
NS,B1W,1190
NS,B1X,200
NS,B1Y,1430
NS,B2A,1790
NS,B2B,X
NS,B2C,60
NS,B2E,X
NS,B2G,3030
NS,B2H,3010
NS,B2J,20
NS,B2K,X
NS,B2N,4500
NS,B2R,490
NS,B2S,1660
NS,B2T,3250
NS,B2V,2150
NS,B2W,6330
NS,B2X,2790
NS,B2Y,3580
NS,B2Z,2120
NS,B3A,5880
NS,B3B,410
NS,B3E,1480
NS,B3G,2200
NS,B3H,3890
NS,B3J,1970
NS,B3K,6000
NS,B3L,4130
NS,B3M,7990
NS,B3N,3280
NS,B3P,2230
NS,B3R,2520
NS,B3S,2720
NS,B3T,3420
NS,B3V,1300
NS,B3W,X
NS,B3X,X
NS,B3Z,3020
NS,B4A,3500
NS,B4B,2950
NS,B4C,3820
NS,B4E,3890
NS,B4G,960
NS,B4H,2650
NS,B4M,X
NS,B4N,3530
NS,B4P,1540
NS,B4R,470
NS,B4V,3950
NS,B4W,X
NS,B5A,3670
NS,B5N,X
NS,B6L,2600
NS,B8V,X
NS,B9A,1050
NB,E0A,X
NB,E0B,X
NB,E1A,9520
NB,E1B,3940
NB,E1C,6550
NB,E1E,2450
NB,E1G,4770
NB,E1H,1540
NB,E1J,690
NB,E1N,2170
NB,E1V,2950
NB,E1W,1580
NB,E1X,3110
NB,E2A,3520
NB,E2B,X
NB,E2E,3140
NB,E2G,860
NB,E2H,950
NB,E2J,3590
NB,E2K,3950
NB,E2L,2450
NB,E2M,3720
NB,E2N,920
NB,E2P,290
NB,E2R,X
NB,E2S,1410
NB,E2V,2150
NB,E2X,X
NB,E3A,5870
NB,E3B,7740
NB,E3C,1850
NB,E3E,860
NB,E3G,1620
NB,E3H,X
NB,E3K,X
NB,E3L,1770
NB,E3M,X
NB,E3N,2750
NB,E3V,2390
NB,E3Y,1440
NB,E3Z,790
NB,E4A,520
NB,E4B,850
NB,E4C,320
NB,E4E,1830
NB,E4G,510
NB,E4H,820
NB,E4J,1030
NB,E4K,1080
NB,E4L,1470
NB,E4M,400
NB,E4N,880
NB,E4P,3040
NB,E4R,1250
NB,E4S,1540
NB,E4T,480
NB,E4V,860
NB,E4W,2240
NB,E4X,530
NB,E4Y,550
NB,E4Z,1070
NB,E5A,420
NB,E5B,610
NB,E5C,800
NB,E5E,170
NB,E5G,600
NB,E5H,600
NB,E5J,360
NB,E5K,1230
NB,E5L,550
NB,E5M,310
NB,E5N,2230
NB,E5P,480
NB,E5R,330
NB,E5S,330
NB,E5T,550
NB,E5V,120
NB,E5X,X
NB,E6A,230
NB,E6B,300
NB,E6C,470
NB,E6E,330
NB,E6G,520
NB,E6H,250
NB,E6J,250
NB,E6K,650
NB,E6L,900
NB,E7A,640
NB,E7B,1180
NB,E7C,990
NB,E7E,810
NB,E7G,780
NB,E7H,1340
NB,E7J,380
NB,E7K,400
NB,E7L,950
NB,E7M,2000
NB,E7N,560
NB,E7P,600
NB,E8A,900
NB,E8B,630
NB,E8C,760
NB,E8E,1020
NB,E8G,600
NB,E8J,1150
NB,E8K,1700
NB,E8L,480
NB,E8M,500
NB,E8N,520
NB,E8P,820
NB,E8R,810
NB,E8S,1160
NB,E8T,1530
NB,E9A,380
NB,E9B,630
NB,E9C,460
NB,E9E,930
NB,E9G,1490
NB,E9H,640
NB,E9K,X
NB,E9M,X
QC,G0A,17500
QC,G0C,10430
QC,G0E,880
QC,G0F,X
QC,G0G,4560
QC,G0H,2550
QC,G0I,X
QC,G0J,5410
QC,G0K,2370
QC,G0L,11560
QC,G0M,8830
QC,G0N,4250
QC,G0P,1540
QC,G0R,17400
QC,G0S,16140
QC,G0T,2690
QC,G0V,3770
QC,G0W,8200
QC,G0X,12280
QC,G0Y,2180
QC,G0Z,2150
QC,G1A,250
QC,G1B,6180
QC,G1C,7160
QC,G1E,6220
QC,G1G,4790
QC,G1H,6360
QC,G1J,5910
QC,G1K,4970
QC,G1L,5780
QC,G1M,4660
QC,G1N,2350
QC,G1O,X
QC,G1P,3640
QC,G1Q,X
QC,G1R,3620
QC,G1S,3870
QC,G1T,1000
QC,G1V,4510
QC,G1W,3770
QC,G1X,4740
QC,G1Y,1860
QC,G2A,3030
QC,G2B,4780
QC,G2C,2180
QC,G2E,3900
QC,G2G,2300
QC,G2J,610
QC,G2K,2180
QC,G2L,2700
QC,G2M,1070
QC,G2N,1780
QC,G2S,X
QC,G2T,X
QC,G2Z,X
QC,G3A,3430
QC,G3B,1800
QC,G3C,2370
QC,G3E,3230
QC,G3G,2300
QC,G3H,2080
QC,G3J,2170
QC,G3K,3940
QC,G3L,2480
QC,G3M,1410
QC,G3N,2070
QC,G3R,X
QC,G3S,1030
QC,G3Z,1620
QC,G4A,630
QC,G4L,X
QC,G4R,4470
QC,G4S,1020
QC,G4T,2940
QC,G4V,1270
QC,G4W,2420
QC,G4X,2750
QC,G4Z,1630
QC,G5A,1950
QC,G5B,980
QC,G5C,2060
QC,G5H,1310
QC,G5J,1080
QC,G5K,X
QC,G5L,5400
QC,G5M,1410
QC,G5N,1540
QC,G5R,4100
QC,G5T,540
QC,G5V,2600
QC,G5X,1570
QC,G5Y,6060
QC,G5Z,1770
QC,G6A,610
QC,G6B,1810
QC,G6C,1870
QC,G6E,2990
QC,G6G,4170
QC,G6H,1660
QC,G6J,2370
QC,G6K,1570
QC,G6L,3610
QC,G6P,6460
QC,G6R,1160
QC,G6S,1160
QC,G6T,2630
QC,G6V,6320
QC,G6W,4990
QC,G6X,2090
QC,G6Y,1300
QC,G6Z,4960
QC,G7A,4610
QC,G7B,3290
QC,G7C,X
QC,G7G,3450
QC,G7H,5100
QC,G7J,3210
QC,G7K,170
QC,G7M,X
QC,G7N,1240
QC,G7P,1530
QC,G7S,3480
QC,G7T,290
QC,G7V,X
QC,G7X,5460
QC,G7Y,160
QC,G7Z,510
QC,G8A,1190
QC,G8B,4650
QC,G8C,760
QC,G8D,X
QC,G8E,800
QC,G8G,780
QC,G8H,1970
QC,G8J,860
QC,G8K,2020
QC,G8L,2960
QC,G8M,1020
QC,G8N,490
QC,G8P,1750
QC,G8T,6160
QC,G8V,2080
QC,G8W,2070
QC,G8Y,6040
QC,G8Z,3210
QC,G9A,5170
QC,G9B,3770
QC,G9C,720
QC,G9H,2680
QC,G9M,X
QC,G9N,3590
QC,G9P,2090
QC,G9R,490
QC,G9T,3400
QC,G9X,2130
QC,G9Y,X
QC,G9Z,X
QC,H0M,900
QC,H0V,X
QC,H1A,7120
QC,H1B,5120
QC,H1C,3740
QC,H1E,11420
QC,H1F,X
QC,H1G,14590
QC,H1H,10780
QC,H1J,2490
QC,H1K,8540
QC,H1L,8420
QC,H1M,6050
QC,H1N,5600
QC,H1P,4610
QC,H1Q,X
QC,H1R,8360
QC,H1S,6340
QC,H1T,7140
QC,H1V,6150
QC,H1W,9310
QC,H1X,7540
QC,H1Y,6780
QC,H1Z,11410
QC,H2A,5600
QC,H2B,4370
QC,H2C,3850
QC,H2E,6790
QC,H2G,5990
QC,H2H,4400
QC,H2J,6940
QC,H2K,9480
QC,H2L,7030
QC,H2M,4150
QC,H2N,2080
QC,H2P,3740
QC,H2R,5990
QC,H2S,7810
QC,H2T,4510
QC,H2V,7370
QC,H2W,3110
QC,H2X,5230
QC,H2Y,840
QC,H2Z,810
QC,H3A,670
QC,H3B,640
QC,H3C,4770
QC,H3E,4060
QC,H3F,X
QC,H3G,2160
QC,H3H,6500
QC,H3J,2680
QC,H3K,3940
QC,H3L,4620
QC,H3M,4050
QC,H3N,9540
QC,H3P,1810
QC,H3R,1710
QC,H3S,9890
QC,H3T,3100
QC,H3V,1710
QC,H3W,9330
QC,H3X,5770
QC,H3Y,1250
QC,H3Z,2050
QC,H4A,6210
QC,H4B,5270
QC,H4C,4760
QC,H4E,7880
QC,H4G,7900
QC,H4H,4310
QC,H4J,4670
QC,H4K,2560
QC,H4L,9330
QC,H4M,3360
QC,H4N,8060
QC,H4P,2370
QC,H4R,6740
QC,H4S,130
QC,H4T,30
QC,H4V,5600
QC,H4W,6370
QC,H4X,1450
QC,H4Y,X
QC,H4Z,X
QC,H5A,X
QC,H5B,X
QC,H5C,X
QC,H5G,X
QC,H5J,X
QC,H6B,X
QC,H6P,X
QC,H7A,5490
QC,H7B,690
QC,H7C,2100
QC,H7E,6240
QC,H7F,X
QC,H7G,5450
QC,H7H,3290
QC,H7J,550
QC,H7K,5270
QC,H7L,8360
QC,H7M,6570
QC,H7N,11520
QC,H7P,9230
QC,H7R,7630
QC,H7S,2040
QC,H7T,7160
QC,H7V,6020
QC,H7W,12320
QC,H7X,7170
QC,H7Y,2120
QC,H7Z,X
QC,H8B,X
QC,H8H,X
QC,H8M,X
QC,H8N,8650
QC,H8P,5180
QC,H8R,8870
QC,H8S,6850
QC,H8T,3230
QC,H8X,X
QC,H8Y,5130
QC,H8Z,3880
QC,H9A,3940
QC,H9B,5620
QC,H9C,2620
QC,H9E,720
QC,H9F,X
QC,H9G,3770
QC,H9H,5990
QC,H9J,4920
QC,H9K,1970
QC,H9P,1050
QC,H9R,4940
QC,H9S,4750
QC,H9W,3470
QC,H9X,1840
QC,H9Z,X
QC,J0A,3810
QC,J0B,13840
QC,J0C,5430
QC,J0E,11940
QC,J0G,3860
QC,J0H,12040
QC,J0J,10060
QC,J0K,35070
QC,J0L,20280
QC,J0M,6250
QC,J0N,12680
QC,J0P,9390
QC,J0R,9630
QC,J0S,7020
QC,J0T,12640
QC,J0V,6060
QC,J0W,3890
QC,J0X,9380
QC,J0Y,7010
QC,J0Z,7290
QC,J1A,2030
QC,J1C,1440
QC,J1E,5660
QC,J1G,4060
QC,J1H,7380
QC,J1J,2730
QC,J1K,1590
QC,J1L,2960
QC,J1M,1030
QC,J1N,7590
QC,J1P,X
QC,J1R,2580
QC,J1S,1730
QC,J1T,1490
QC,J1X,7350
QC,J1Z,1430
QC,J2A,3090
QC,J2B,7760
QC,J2C,6370
QC,J2E,1230
QC,J2G,6930
QC,J2H,4790
QC,J2J,4320
QC,J2K,3890
QC,J2L,2430
QC,J2M,1590
QC,J2N,2380
QC,J2P,X
QC,J2R,2180
QC,J2S,6350
QC,J2T,3620
QC,J2W,6330
QC,J2X,4760
QC,J2Y,1340
QC,J3A,1670
QC,J3B,8610
QC,J3E,6020
QC,J3G,7280
QC,J3H,5370
QC,J3J,X
QC,J3K,X
QC,J3L,11500
QC,J3M,2560
QC,J3N,3480
QC,J3P,4850
QC,J3R,2810
QC,J3S,X
QC,J3T,1610
QC,J3V,4410
QC,J3W,X
QC,J3X,4280
QC,J3Y,14600
QC,J3Z,1240
QC,J4A,X
QC,J4B,7070
QC,J4C,X
QC,J4G,2170
QC,J4H,3150
QC,J4J,7860
QC,J4K,7220
QC,J4L,7530
QC,J4M,2340
QC,J4N,1670
QC,J4P,2140
QC,J4R,2040
QC,J4S,990
QC,J4T,5220
QC,J4V,3910
QC,J4W,4540
QC,J4X,3820
QC,J4Y,5740
QC,J4Z,6980
QC,J5A,6200
QC,J5B,1780
QC,J5C,3890
QC,J5E,X
QC,J5G,X
QC,J5J,4960
QC,J5K,4580
QC,J5L,5830
QC,J5M,6670
QC,J5N,300
QC,J5R,9570
QC,J5T,3720
QC,J5V,1700
QC,J5W,6050
QC,J5X,2280
QC,J5Y,6330
QC,J5Z,6580
QC,J6A,7190
QC,J6C,X
QC,J6E,9440
QC,J6J,5460
QC,J6K,5650
QC,J6L,X
QC,J6N,3490
QC,J6R,3040
QC,J6S,5120
QC,J6T,4120
QC,J6V,2940
QC,J6W,7900
QC,J6X,5820
QC,J6Y,5250
QC,J6Z,4570
QC,J7A,3280
QC,J7B,2920
QC,J7C,11310
QC,J7E,7460
QC,J7G,4580
QC,J7H,1950
QC,J7J,7170
QC,J7K,8610
QC,J7L,3650
QC,J7M,6740
QC,J7N,8460
QC,J7P,6220
QC,J7R,8740
QC,J7T,6420
QC,J7V,15430
QC,J7W,3120
QC,J7X,1310
QC,J7Y,6560
QC,J7Z,7560
QC,J8A,2870
QC,J8B,3860
QC,J8C,2860
QC,J8E,3300
QC,J8G,1910
QC,J8H,3400
QC,J8L,4060
QC,J8M,2820
QC,J8N,2770
QC,J8P,7930
QC,J8R,5130
QC,J8S,X
QC,J8T,7940
QC,J8V,4550
QC,J8X,2580
QC,J8Y,5300
QC,J8Z,2860
QC,J9A,3560
QC,J9B,1140
QC,J9E,1960
QC,J9H,5600
QC,J9J,6240
QC,J9L,3290
QC,J9N,X
QC,J9O,X
QC,J9P,8090
QC,J9T,2800
QC,J9V,620
QC,J9X,5100
QC,J9Y,2310
QC,J9Z,1550
ON,K0A,19490
ON,K0B,4410
ON,K0C,9400
ON,K0E,7280
ON,K0G,6960
ON,K0H,8140
ON,K0J,5660
ON,K0K,22790
ON,K0L,15600
ON,K0M,10700
ON,K0N,X
ON,K0P,X
ON,K0W,X
ON,K1A,X
ON,K1B,3850
ON,K1C,6380
ON,K1D,X
ON,K1E,2580
ON,K1G,7720
ON,K1H,2620
ON,K1I,X
ON,K1J,5680
ON,K1K,7420
ON,K1L,4490
ON,K1M,720
ON,K1N,5820
ON,K1O,X
ON,K1P,100
ON,K1R,4240
ON,K1S,4870
ON,K1T,8970
ON,K1V,12040
ON,K1W,2340
ON,K1X,790
ON,K1Y,3140
ON,K1Z,4630
ON,K2A,2440
ON,K2B,7390
ON,K2C,6120
ON,K2E,3940
ON,K2G,10490
ON,K2H,4630
ON,K2J,15000
ON,K2K,3800
ON,K2L,3410
ON,K2M,4780
ON,K2P,3580
ON,K2R,220
ON,K2S,5990
ON,K2T,1620
ON,K2V,1570
ON,K2W,1260
ON,K4A,11100
ON,K4B,890
ON,K4C,800
ON,K4K,3040
ON,K4L,X
ON,K4M,2240
ON,K4P,1680
ON,K4R,1320
ON,K5J,X
ON,K6A,3140
ON,K6H,7540
ON,K6J,3840
ON,K6K,640
ON,K6M,X
ON,K6R,X
ON,K6T,110
ON,K6V,5330
ON,K7A,3520
ON,K7C,3680
ON,K7G,1820
ON,K7H,2830
ON,K7K,7810
ON,K7L,3130
ON,K7M,9610
ON,K7N,1540
ON,K7P,4570
ON,K7R,2700
ON,K7S,2610
ON,K7V,2550
ON,K7Z,X
ON,K8A,5040
ON,K8B,80
ON,K8H,1830
ON,K8M,X
ON,K8N,6280
ON,K8P,5460
ON,K8R,380
ON,K8V,5600
ON,K9A,5290
ON,K9H,6860
ON,K9J,10580
ON,K9K,2640
ON,K9L,1590
ON,K9N,X
ON,K9P,X
ON,K9V,6170
ON,L0A,2990
ON,L0B,3500
ON,L0C,2130
ON,L0E,5400
ON,L0G,10400
ON,L0H,390
ON,L0J,1180
ON,L0K,8570
ON,L0L,9630
ON,L0M,8330
ON,L0N,610
ON,L0P,1700
ON,L0R,16440
ON,L0S,12190
ON,L0W,X
ON,L0Y,X
ON,L1A,3150
ON,L1B,2360
ON,L1C,10900
ON,L1E,6280
ON,L1G,11040
ON,L1H,9030
ON,L1J,11490
ON,L1K,10110
ON,L1L,3600
ON,L1M,4000
ON,L1N,11010
ON,L1P,4980
ON,L1R,9260
ON,L1S,10520
ON,L1T,14400
ON,L1V,13070
ON,L1W,4430
ON,L1X,6260
ON,L1Y,480
ON,L1Z,8050
ON,L2A,4130
ON,L2B,X
ON,L2C,X
ON,L2E,6860
ON,L2G,10500
ON,L2H,9320
ON,L2J,4170
ON,L2M,8110
ON,L2N,6500
ON,L2P,4320
ON,L2R,7450
ON,L2S,4970
ON,L2T,2980
ON,L2V,5420
ON,L2W,520
ON,L2Z,X
ON,L3B,6390
ON,L3C,7690
ON,L3G,X
ON,L3H,X
ON,L3K,4100
ON,L3L,180
ON,L3M,5480
ON,L3P,8770
ON,L3R,16240
ON,L3S,18260
ON,L3T,13210
ON,L3V,12230
ON,L3W,X
ON,L3X,12450
ON,L3Y,11170
ON,L3Z,10770
ON,L4A,10960
ON,L4B,9340
ON,L4C,21590
ON,L4E,14470
ON,L4G,15190
ON,L4H,20930
ON,L4J,20310
ON,L4K,5220
ON,L4L,14790
ON,L4M,13920
ON,L4N,26220
ON,L4P,7810
ON,L4R,4430
ON,L4S,9190
ON,L4T,14370
ON,L4V,X
ON,L4W,4840
ON,L4X,5370
ON,L4Y,5840
ON,L4Z,10420
ON,L5A,13040
ON,L5B,16150
ON,L5C,8130
ON,L5E,3120
ON,L5G,4780
ON,L5H,3640
ON,L5J,6510
ON,L5K,3320
ON,L5L,10890
ON,L5M,25730
ON,L5N,20500
ON,L5P,X
ON,L5R,10410
ON,L5S,60
ON,L5T,90
ON,L5V,14330
ON,L5W,6990
ON,L6A,25080
ON,L6B,8500
ON,L6C,12150
ON,L6E,9250
ON,L6F,X
ON,L6G,1740
ON,L6H,14960
ON,L6J,3960
ON,L6K,3200
ON,L6L,5820
ON,L6M,13700
ON,L6N,X
ON,L6P,31800
ON,L6R,32030
ON,L6S,16520
ON,L6T,11780
ON,L6V,13380
ON,L6W,6500
ON,L6X,23550
ON,L6Y,31700
ON,L6Z,9730
ON,L7A,31130
ON,L7B,4240
ON,L7C,8610
ON,L7E,8310
ON,L7G,9950
ON,L7J,2930
ON,L7K,2020
ON,L7L,9030
ON,L7M,9420
ON,L7N,2600
ON,L7P,6100
ON,L7R,3880
ON,L7S,2460
ON,L7T,3600
ON,L7W,X
ON,L8B,4480
ON,L8E,10060
ON,L8G,4520
ON,L8H,7770
ON,L8J,6640
ON,L8K,7670
ON,L8L,9750
ON,L8M,3870
ON,L8N,4500
ON,L8P,5610
ON,L8R,3130
ON,L8S,3280
ON,L8T,4470
ON,L8V,4980
ON,L8W,6680
ON,L9A,6540
ON,L9B,5470
ON,L9C,9830
ON,L9E,3440
ON,L9G,4570
ON,L9H,5710
ON,L9J,460
ON,L9K,3250
ON,L9L,3010
ON,L9M,3210
ON,L9N,5660
ON,L9P,3470
ON,L9R,5800
ON,L9S,8520
ON,L9T,24070
ON,L9V,4140
ON,L9W,11390
ON,L9X,2480
ON,L9Y,6920
ON,L9Z,5370
ON,M0N,X
ON,M0P,X
ON,M1A,X
ON,M1B,21500
ON,M1C,8810
ON,M1E,14570
ON,M1G,9990
ON,M1H,7760
ON,M1J,12730
ON,M1K,16130
ON,M1L,11010
ON,M1M,6670
ON,M1N,5990
ON,M1P,12950
ON,M1R,9620
ON,M1S,11510
ON,M1T,9990
ON,M1V,16230
ON,M1W,12910
ON,M1X,5270
ON,M1Z,X
ON,M2A,X
ON,M2H,5980
ON,M2J,16960
ON,M2K,6100
ON,M2L,2460
ON,M2M,9670
ON,M2N,17490
ON,M2P,1540
ON,M2R,13970
ON,M2S,X
ON,M2W,X
ON,M3A,9520
ON,M3B,2430
ON,M3C,10730
ON,M3H,10630
ON,M3J,11000
ON,M3K,2420
ON,M3L,7170
ON,M3M,8400
ON,M3N,15390
ON,M4A,3920
ON,M4B,5370
ON,M4C,12380
ON,M4E,5290
ON,M4G,3200
ON,M4H,5550
ON,M4J,8130
ON,M4K,7370
ON,M4L,7400
ON,M4M,6410
ON,M4N,2350
ON,M4P,5560
ON,M4R,2090
ON,M4S,5680
ON,M4T,1600
ON,M4V,3330
ON,M4W,2480
ON,M4X,6350
ON,M4Y,8080
ON,M5A,13610
ON,M5B,3980
ON,M5C,820
ON,M5E,1870
ON,M5G,1890
ON,M5H,590
ON,M5J,2760
ON,M5K,X
ON,M5L,X
ON,M5M,4350
ON,M5N,3270
ON,M5P,3730
ON,M5R,5450
ON,M5S,3290
ON,M5T,5500
ON,M5V,12280
ON,M5W,40
ON,M5X,X
ON,M5Z,X
ON,M6A,6850
ON,M6B,7600
ON,M6C,5750
ON,M6E,11960
ON,M6G,7840
ON,M6H,13380
ON,M6J,8780
ON,M6K,12320
ON,M6L,6530
ON,M6M,14090
ON,M6N,12470
ON,M6P,9750
ON,M6R,4850
ON,M6S,6570
ON,M6T,X
ON,M6V,X
ON,M6W,X
ON,M6Z,X
ON,M7A,X
ON,M7J,X
ON,M8B,X
ON,M8H,X
ON,M8V,11490
ON,M8W,5520
ON,M8X,1580
ON,M8Y,5240
ON,M8Z,4100
ON,M9A,8010
ON,M9B,7820
ON,M9C,9240
ON,M9K,X
ON,M9L,4100
ON,M9M,8280
ON,M9N,9040
ON,M9P,5260
ON,M9R,10100
ON,M9V,20080
ON,M9W,14280
ON,M9Z,X
ON,N0A,8540
ON,N0B,14480
ON,N0C,3570
ON,N0E,6670
ON,N0G,14090
ON,N0H,9530
ON,N0J,5770
ON,N0K,3760
ON,N0L,9770
ON,N0M,11550
ON,N0N,7620
ON,N0P,10320
ON,N0R,11050
ON,N0S,X
ON,N1A,2270
ON,N1B,X
ON,N1C,710
ON,N1E,9660
ON,N1G,6050
ON,N1H,10470
ON,N1K,3060
ON,N1L,3610
ON,N1M,3470
ON,N1N,X
ON,N1P,1780
ON,N1R,11070
ON,N1S,4300
ON,N1T,4630
ON,N2A,7260
ON,N2B,3970
ON,N2C,5260
ON,N2E,10220
ON,N2G,3710
ON,N2H,5190
ON,N2J,4130
ON,N2K,5650
ON,N2L,7120
ON,N2M,9260
ON,N2N,6010
ON,N2P,5870
ON,N2R,4040
ON,N2S,X
ON,N2T,3850
ON,N2V,3600
ON,N2Z,1770
ON,N3A,2610
ON,N3B,1840
ON,N3C,6270
ON,N3E,670
ON,N3H,6590
ON,N3L,3420
ON,N3M,X
ON,N3P,2020
ON,N3R,7690
ON,N3S,7410
ON,N3T,8630
ON,N3V,330
ON,N3W,3200
ON,N3Y,4750
ON,N4A,X
ON,N4B,1740
ON,N4C,X
ON,N4F,X
ON,N4G,4300
ON,N4H,X
ON,N4K,6060
ON,N4L,1630
ON,N4N,2000
ON,N4P,X
ON,N4S,7810
ON,N4T,3110
ON,N4V,650
ON,N4W,2140
ON,N4X,1710
ON,N4Z,580
ON,N5A,8100
ON,N5C,3300
ON,N5E,X
ON,N5G,X
ON,N5H,2720
ON,N5K,X
ON,N5L,690
ON,N5P,4760
ON,N5R,6270
ON,N5S,X
ON,N5V,9010
ON,N5W,7060
ON,N5X,6790
ON,N5Y,9920
ON,N5Z,6540
ON,N6A,2730
ON,N6B,3420
ON,N6C,7090
ON,N6E,6980
ON,N6G,10170
ON,N6H,8820
ON,N6J,6150
ON,N6K,6630
ON,N6L,1250
ON,N6M,1810
ON,N6N,150
ON,N6P,2010
ON,N6R,X
ON,N7A,1950
ON,N7G,3750
ON,N7L,5480
ON,N7M,5730
ON,N7N,X
ON,N7R,X
ON,N7S,6160
ON,N7T,7210
ON,N7V,2290
ON,N7W,310
ON,N7X,160
ON,N8A,3290
ON,N8H,5440
ON,N8J,X
ON,N8K,X
ON,N8M,2580
ON,N8N,5520
ON,N8P,3170
ON,N8R,3450
ON,N8S,5660
ON,N8T,4960
ON,N8V,X
ON,N8W,7140
ON,N8X,5340
ON,N8Y,5690
ON,N8Z,X
ON,N9A,8200
ON,N9B,6520
ON,N9C,4120
ON,N9E,5170
ON,N9G,5180
ON,N9H,2580
ON,N9J,4370
ON,N9K,690
ON,N9R,X
ON,N9V,4760
ON,N9W,X
ON,N9X,X
ON,N9Y,3030
ON,N9Z,X
ON,P0A,3510
ON,P0B,2110
ON,P0C,950
ON,P0E,810
ON,P0G,640
ON,P0H,6050
ON,P0J,3530
ON,P0K,1940
ON,P0L,5540
ON,P0M,10040
ON,P0N,1800
ON,P0P,4030
ON,P0R,2110
ON,P0S,2030
ON,P0T,6040
ON,P0V,2360
ON,P0W,1100
ON,P0X,1230
ON,P0Y,X
ON,P1A,3450
ON,P1B,7410
ON,P1C,470
ON,P1G,X
ON,P1H,4130
ON,P1L,3800
ON,P1P,2220
ON,P1T,X
ON,P2A,2810
ON,P2B,1910
ON,P2N,1330
ON,P2S,X
ON,P3A,5080
ON,P3B,4010
ON,P3C,5120
ON,P3E,4950
ON,P3G,710
ON,P3L,1640
ON,P3M,X
ON,P3N,1560
ON,P3O,X
ON,P3P,2910
ON,P3V,X
ON,P3Y,1190
ON,P4N,5480
ON,P4P,600
ON,P4R,860
ON,P5A,1910
ON,P5B,X
ON,P5E,970
ON,P5N,1600
ON,P5W,X
ON,P6A,7630
ON,P6B,4730
ON,P6C,4550
ON,P7A,5700
ON,P7B,5160
ON,P7C,5080
ON,P7E,4800
ON,P7G,2360
ON,P7H,X
ON,P7J,1000
ON,P7K,1080
ON,P7L,370
ON,P8N,1780
ON,P8T,770
ON,P9A,1770
ON,P9N,2550
MB,R0A,5550
MB,R0B,14680
MB,R0C,11260
MB,R0E,6480
MB,R0G,4900
MB,R0H,3230
MB,R0J,4100
MB,R0K,3140
MB,R0L,5980
MB,R0M,2950
MB,R0T,X
MB,R0W,X
MB,R1A,3750
MB,R1B,30
MB,R1C,730
MB,R1N,3270
MB,R2A,X
MB,R2B,X
MB,R2C,6290
MB,R2E,1380
MB,R2G,5710
MB,R2H,3160
MB,R2J,4940
MB,R2K,7020
MB,R2L,4030
MB,R2M,7490
MB,R2N,5130
MB,R2P,8340
MB,R2R,6370
MB,R2V,7830
MB,R2W,9740
MB,R2X,5290
MB,R2Y,3570
MB,R3A,1650
MB,R3B,4130
MB,R3C,4450
MB,R3E,5500
MB,R3G,6580
MB,R3H,30
MB,R3J,5460
MB,R3K,2070
MB,R3L,4640
MB,R3M,4510
MB,R3N,2930
MB,R3P,3160
MB,R3R,4100
MB,R3S,100
MB,R3T,11160
MB,R3V,1260
MB,R3W,2660
MB,R3X,3300
MB,R3Y,6480
MB,R3Z,X
MB,R4A,850
MB,R4E,X
MB,R4G,250
MB,R4H,400
MB,R4J,150
MB,R4K,110
MB,R4L,180
MB,R5A,620
MB,R5G,3470
MB,R5H,810
MB,R5J,210
MB,R5K,960
MB,R5L,320
MB,R5M,310
MB,R5N,710
MB,R5P,90
MB,R5R,150
MB,R5T,130
MB,R6M,1590
MB,R6W,2380
MB,R7A,6510
MB,R7B,4260
MB,R7C,420
MB,R7N,1840
MB,R8A,860
MB,R8N,2720
MB,R9A,1600
SK,R8A,20
SK,S0A,8490
SK,S0C,3650
SK,S0E,5570
SK,S0G,10940
SK,S0H,2570
SK,S0J,13920
SK,S0K,14670
SK,S0L,4540
SK,S0M,15200
SK,S0N,2340
SK,S0P,2300
SK,S1K,X
SK,S1Y,X
SK,S2V,130
SK,S3N,3410
SK,S3S,X
SK,S4A,2440
SK,S4E,X
SK,S4H,2190
SK,S4K,X
SK,S4L,900
SK,S4M,X
SK,S4N,7400
SK,S4P,2980
SK,S4R,7550
SK,S4S,6700
SK,S4T,8280
SK,S4V,4940
SK,S4W,2750
SK,S4X,4730
SK,S4Y,800
SK,S4Z,220
SK,S5H,X
SK,S5V,X
SK,S6H,5640
SK,S6J,760
SK,S6K,170
SK,S6S,X
SK,S6V,10070
SK,S6W,20
SK,S6X,320
SK,S7A,X
SK,S7B,100
SK,S7C,150
SK,S7H,8160
SK,S7J,5940
SK,S7K,7920
SK,S7L,10930
SK,S7M,8980
SK,S7N,5640
SK,S7P,20
SK,S7R,1940
SK,S7S,1010
SK,S7T,2870
SK,S7V,2830
SK,S7W,3360
SK,S9A,3460
SK,S9H,3350
SK,S9V,4240
SK,S9X,2030
AB,T0A,14500
AB,T0B,10930
AB,T0C,14780
AB,T0E,9760
AB,T0G,11220
AB,T0H,16350
AB,T0J,9060
AB,T0K,8330
AB,T0L,11660
AB,T0M,13690
AB,T0N,X
AB,T0P,1210
AB,T0V,X
AB,T0X,X
AB,T1A,6400
AB,T1B,6610
AB,T1C,2070
AB,T1G,2000
AB,T1H,6440
AB,T1J,5100
AB,T1K,8990
AB,T1L,4940
AB,T1M,1600
AB,T1P,3500
AB,T1R,5020
AB,T1S,8810
AB,T1V,3590
AB,T1W,4920
AB,T1X,5500
AB,T1Y,17940
AB,T1Z,440
AB,T2A,20160
AB,T2B,7320
AB,T2C,5330
AB,T2D,X
AB,T2E,9400
AB,T2G,4420
AB,T2H,2620
AB,T2J,9270
AB,T2K,9360
AB,T2L,2740
AB,T2M,5220
AB,T2N,4880
AB,T2P,3910
AB,T2R,4820
AB,T2S,3350
AB,T2T,6640
AB,T2V,7470
AB,T2W,10080
AB,T2X,12080
AB,T2Y,15580
AB,T2Z,16350
AB,T3A,11320
AB,T3B,8240
AB,T3C,6590
AB,T3E,9310
AB,T3G,12840
AB,T3H,14000
AB,T3J,26460
AB,T3K,21170
AB,T3L,5380
AB,T3M,10720
AB,T3N,9100
AB,T3P,5550
AB,T3R,7400
AB,T3S,90
AB,T3T,400
AB,T3Y,X
AB,T3Z,1990
AB,T4A,4440
AB,T4B,12890
AB,T4C,7760
AB,T4E,1000
AB,T4G,2500
AB,T4H,2440
AB,T4J,2420
AB,T4K,X
AB,T4L,3680
AB,T4M,1790
AB,T4N,8700
AB,T4P,9020
AB,T4R,8650
AB,T4S,5700
AB,T4T,3800
AB,T4V,4280
AB,T4X,5480
AB,T4Z,X
AB,T5A,9330
AB,T5B,5430
AB,T5C,4570
AB,T5E,8970
AB,T5G,4450
AB,T5H,10430
AB,T5J,1910
AB,T5K,5410
AB,T5L,4890
AB,T5M,3930
AB,T5N,3190
AB,T5P,6730
AB,T5R,5640
AB,T5S,1630
AB,T5T,20580
AB,T5V,120
AB,T5W,5830
AB,T5X,10970
AB,T5Y,14140
AB,T5Z,8830
AB,T6A,3180
AB,T6B,2120
AB,T6C,4530
AB,T6E,5890
AB,T6G,1930
AB,T6H,6300
AB,T6I,X
AB,T6J,10370
AB,T6K,7680
AB,T6L,13830
AB,T6M,7480
AB,T6N,20
AB,T6P,550
AB,T6R,9260
AB,T6S,30
AB,T6T,14340
AB,T6V,5600
AB,T6W,18170
AB,T6X,12540
AB,T6Y,50
AB,T7A,3280
AB,T7E,3200
AB,T7G,X
AB,T7N,1350
AB,T7P,1420
AB,T7S,3350
AB,T7V,2650
AB,T7X,10590
AB,T7Y,3460
AB,T7Z,4090
AB,T8A,8120
AB,T8B,1360
AB,T8C,880
AB,T8E,1620
AB,T8G,900
AB,T8H,6000
AB,T8K,X
AB,T8L,6000
AB,T8M,X
AB,T8N,12820
AB,T8R,3540
AB,T8S,2150
AB,T8T,1350
AB,T8V,10560
AB,T8W,5250
AB,T8X,6120
AB,T9A,3350
AB,T9C,1260
AB,T9E,8410
AB,T9G,1590
AB,T9H,7880
AB,T9J,900
AB,T9K,9140
AB,T9M,4380
AB,T9N,2840
AB,T9S,1330
AB,T9V,5110
AB,T9W,1580
AB,T9X,1080
BC,V0A,4340
BC,V0B,6890
BC,V0C,5620
BC,V0E,16660
BC,V0G,6140
BC,V0H,11270
BC,V0J,12170
BC,V0K,7210
BC,V0L,1530
BC,V0M,2340
BC,V0N,17360
BC,V0P,1710
BC,V0R,16630
BC,V0S,120
BC,V0T,2420
BC,V0V,500
BC,V0W,90
BC,V0X,4350
BC,V1A,1890
BC,V1B,4380
BC,V1C,5280
BC,V1E,4190
BC,V1G,3650
BC,V1H,2910
BC,V1J,6020
BC,V1K,2080
BC,V1L,4790
BC,V1M,5610
BC,V1N,2730
BC,V1P,2300
BC,V1R,1810
BC,V1S,2390
BC,V1T,7170
BC,V1V,5280
BC,V1W,7240
BC,V1X,9130
BC,V1Y,10290
BC,V1Z,3690
BC,V2A,9190
BC,V2B,9130
BC,V2C,6080
BC,V2E,3110
BC,V2G,4480
BC,V2H,1580
BC,V2J,5530
BC,V2K,4230
BC,V2L,3240
BC,V2M,5510
BC,V2N,6640
BC,V2P,8430
BC,V2R,9700
BC,V2S,10750
BC,V2T,15070
BC,V2V,7850
BC,V2W,4450
BC,V2X,10950
BC,V2Y,9410
BC,V2Z,2950
BC,V3A,9250
BC,V3B,13670
BC,V3C,8530
BC,V3E,9240
BC,V3G,4800
BC,V3H,7290
BC,V3J,10110
BC,V3K,7590
BC,V3L,6560
BC,V3M,11730
BC,V3N,10200
BC,V3P,X
BC,V3R,17330
BC,V3S,26160
BC,V3T,15630
BC,V3V,16440
BC,V3W,28740
BC,V3X,8850
BC,V3Y,3700
BC,V3Z,7350
BC,V4A,6840
BC,V4B,4120
BC,V4C,12530
BC,V4E,2540
BC,V4G,40
BC,V4H,X
BC,V4J,X
BC,V4K,4850
BC,V4L,1340
BC,V4M,2880
BC,V4N,19640
BC,V4P,2320
BC,V4R,3240
BC,V4S,1570
BC,V4T,6570
BC,V4V,3960
BC,V4W,4310
BC,V4X,2810
BC,V4Z,970
BC,V5A,5290
BC,V5B,5280
BC,V5C,7790
BC,V5E,6520
BC,V5G,4990
BC,V5H,10200
BC,V5J,6040
BC,V5K,6190
BC,V5L,6010
BC,V5M,6640
BC,V5N,10210
BC,V5O,X
BC,V5P,9500
BC,V5R,14630
BC,V5S,7420
BC,V5T,7080
BC,V5V,5980
BC,V5W,5690
BC,V5X,9160
BC,V5Y,4030
BC,V5Z,4890
BC,V6A,8060
BC,V6B,9280
BC,V6C,730
BC,V6E,8060
BC,V6G,7680
BC,V6H,4150
BC,V6J,4900
BC,V6K,5520
BC,V6L,1650
BC,V6M,3010
BC,V6N,2350
BC,V6P,7570
BC,V6R,3120
BC,V6S,2040
BC,V6T,1850
BC,V6V,3140
BC,V6W,670
BC,V6X,11350
BC,V6Y,12560
BC,V6Z,5160
BC,V7A,6880
BC,V7B,200
BC,V7C,9540
BC,V7E,7550
BC,V7G,2300
BC,V7H,2390
BC,V7J,3640
BC,V7K,2430
BC,V7L,6590
BC,V7M,5640
BC,V7N,3330
BC,V7P,3670
BC,V7R,2920
BC,V7S,2220
BC,V7T,2090
BC,V7V,2620
BC,V7W,1430
BC,V7X,20
BC,V7Y,X
BC,V7Z,100
BC,V8A,3980
BC,V8B,3860
BC,V8C,1320
BC,V8E,6390
BC,V8G,3920
BC,V8H,X
BC,V8J,2720
BC,V8K,2920
BC,V8L,3850
BC,V8M,2860
BC,V8N,4570
BC,V8P,3380
BC,V8R,4680
BC,V8S,2780
BC,V8T,5790
BC,V8V,6260
BC,V8W,2010
BC,V8X,4940
BC,V8Y,1590
BC,V8Z,6640
BC,V9A,8700
BC,V9B,10830
BC,V9C,4890
BC,V9E,980
BC,V9G,3070
BC,V9H,2080
BC,V9J,1850
BC,V9K,3040
BC,V9L,8350
BC,V9M,3250
BC,V9N,7280
BC,V9O,X
BC,V9P,4870
BC,V9R,8300
BC,V9S,4250
BC,V9T,7490
BC,V9V,2040
BC,V9W,7160
BC,V9X,2600
BC,V9Y,5900
BC,V9Z,4260
YT,Y0A,580
YT,Y0B,2020
YT,Y1A,6060
NT,X0E,6870
NT,X0G,180
NT,X0J,X
NT,X0X,X
NT,X0Y,X
NT,X1A,4170
NU,X0A,4590
NU,X0B,2300
NU,X0C,2780
**,Unknown/Inconnu,1400
??,Unknown/Inconnu,X
